CustomerID,Recency,Frequency,Monetary,R_Score,F_Score,M_Score,RFM_Score,Segment
C0001,53,12,42956.1605,3,4,3,10,Loyal
C0002,32,7,35460.0935,4,3,3,10,Loyal
C0003,505,1,235.9,1,1,1,3,At Risk
C0004,50,20,143980.7035,3,5,5,13,High Value
C0005,11,10,87408.7035,5,4,4,13,High Value
C0006,159,2,7786.8725,2,1,1,4,At Risk
C0007,17,13,89209.975,5,4,4,13,High Value
C0008,116,4,35117.626,2,2,3,7,Potential
C0009,67,12,115049.19549999999,3,4,5,12,Loyal
C0011,10,13,59956.421,5,4,4,13,High Value
C0012,220,7,71841.775,1,3,4,8,Potential
C0013,15,5,25199.563000000002,5,2,2,9,Potential
C0014,36,4,23954.173000000003,4,2,2,8,Potential
C0015,43,8,28097.408,3,3,2,8,Potential
C0016,34,12,59005.4095,4,4,4,12,Loyal
C0017,41,8,16546.002500000002,3,3,2,8,Potential
C0018,9,8,44745.4275,5,3,3,11,Loyal
C0019,108,8,55684.92,2,3,4,9,Potential
C0020,9,21,135925.44,5,5,5,15,High Value
C0021,20,6,28755.031500000005,4,3,2,9,Potential
C0022,39,19,100464.4835,3,5,5,13,High Value
C0023,51,12,85191.26849999999,3,4,4,11,Loyal
C0024,70,6,54344.055,3,3,4,10,Loyal
C0025,356,2,21708.28,1,1,2,4,At Risk
C0026,73,2,5417.781,3,1,1,5,At Risk
C0027,60,15,89747.7945,3,5,4,12,Loyal
C0028,60,3,17314.1345,3,1,2,6,At Risk
C0029,142,3,2178.2875,2,1,1,4,At Risk
C0030,125,15,74135.137,2,5,4,11,Loyal
C0031,31,8,79032.619,4,3,4,11,Loyal
C0032,6,11,39132.0665,5,4,3,12,Loyal
C0033,82,3,10479.565999999999,2,1,1,4,At Risk
C0034,381,1,8866.22,1,1,1,3,At Risk
C0035,79,11,61276.856999999996,2,4,4,10,Loyal
C0036,619,1,2298.86,1,1,1,3,At Risk
C0037,29,5,35109.953,4,2,3,9,Potential
C0038,3,20,125969.14749999999,5,5,5,15,High Value
C0039,388,2,16737.4325,1,1,2,4,At Risk
C0040,19,35,223460.638,4,5,5,14,High Value
C0041,21,40,216265.4975,4,5,5,14,High Value
C0042,104,3,28079.406,2,1,2,5,At Risk
C0044,159,9,59611.4965,2,4,4,10,Loyal
C0045,19,2,8008.750999999998,4,1,1,6,At Risk
C0046,23,1,13236.769500000002,4,1,1,6,At Risk
C0047,6,12,77191.81850000001,5,4,4,13,High Value
C0048,568,1,3422.9069999999997,1,1,1,3,At Risk
C0049,28,20,134690.0345,4,5,5,14,High Value
C0051,18,3,20361.468999999997,4,1,2,7,Potential
C0052,6,2,17538.4305,5,1,2,8,Potential
C0053,31,29,159811.1735,4,5,5,14,High Value
C0054,57,6,17618.1095,3,3,2,8,Potential
C0055,9,12,80110.8805,5,4,4,13,High Value
C0056,25,2,23103.136,4,1,2,7,Potential
C0057,191,1,11359.58,1,1,1,3,At Risk
C0058,287,4,24633.904000000002,1,2,2,5,At Risk
C0059,185,5,47794.322,1,2,3,6,At Risk
C0060,2,4,6405.134,5,2,1,8,Potential
C0061,24,9,42486.78999999999,4,4,3,11,Loyal
C0062,136,2,11331.687000000002,2,1,1,4,At Risk
C0063,45,24,131675.504,3,5,5,13,High Value
C0064,473,1,1143.7559999999999,1,1,1,3,At Risk
C0065,9,23,165297.6625,5,5,5,15,High Value
C0067,129,8,41203.664,2,3,3,8,Potential
C0068,20,5,36138.070999999996,4,2,3,9,Potential
C0069,115,4,18606.3595,2,2,2,6,At Risk
C0070,73,10,77042.813,3,4,4,11,Loyal
C0071,70,8,49720.676,3,3,3,9,Potential
C0072,148,6,42678.1435,2,3,3,8,Potential
C0073,48,13,64853.553,3,4,4,11,Loyal
C0074,38,14,51831.6995,4,4,3,11,Loyal
C0075,14,16,88486.753,5,5,4,14,High Value
C0076,83,2,24323.296499999997,2,1,2,5,At Risk
C0077,5,8,45429.2,5,3,3,11,Loyal
C0078,73,5,27228.67,3,2,2,7,Potential
C0079,56,3,29406.221500000003,3,2,2,7,Potential
C0080,71,4,52101.631,3,2,3,8,Potential
C0081,43,3,22434.396,3,2,2,7,Potential
C0083,325,1,5192.244000000001,1,1,1,3,At Risk
C0084,117,3,8158.2005,2,2,1,5,At Risk
C0085,30,14,91016.169,4,4,4,12,Loyal
C0086,45,6,49021.479,3,3,3,9,Potential
C0087,1,20,71091.748,5,5,4,14,High Value
C0088,136,11,60593.066,2,4,4,10,Loyal
C0090,39,18,130755.038,3,5,5,13,High Value
C0091,27,22,128881.322,4,5,5,14,High Value
C0092,2,3,24667.68,5,2,2,9,Potential
C0093,4,6,44009.865,5,3,3,11,Loyal
C0094,5,35,240830.6615,5,5,5,15,High Value
C0095,48,10,78217.6475,3,4,4,11,Loyal
C0096,77,18,85811.6245,3,5,4,12,Loyal
C0097,229,2,6504.982,1,1,1,3,At Risk
C0098,137,2,11522.3,2,1,1,4,At Risk
C0099,172,4,12225.587500000001,2,2,1,5,At Risk
C0100,8,7,58013.9915,5,3,4,12,Loyal
C0101,8,16,120035.927,5,5,5,15,High Value
C0102,19,42,300380.8695,4,5,5,14,High Value
C0103,47,7,48224.8615,3,3,3,9,Potential
C0105,9,15,103340.6375,5,5,5,15,High Value
C0106,13,7,51463.0585,5,3,3,11,Loyal
C0107,711,1,3448.88,1,1,1,3,At Risk
C0108,221,5,19434.376500000002,1,2,2,5,At Risk
C0109,1,4,14939.2745,5,2,2,9,Potential
C0110,252,9,60356.2805,1,4,4,9,Potential
C0111,87,6,35072.9225,2,3,3,8,Potential
C0112,333,2,13515.513,1,1,1,3,At Risk
C0113,6,29,191641.79,5,5,5,15,High Value
C0114,87,3,14323.566499999999,2,2,2,6,At Risk
C0115,107,3,21406.239999999998,2,2,2,6,At Risk
C0116,593,2,7537.3859999999995,1,1,1,3,At Risk
C0117,88,10,60995.62,2,4,4,10,Loyal
C0118,47,4,26007.999,3,2,2,7,Potential
C0119,25,2,1981.6809999999998,4,1,1,6,At Risk
C0120,32,4,22638.6885,4,2,2,8,Potential
C0121,10,3,17575.833,5,2,2,9,Potential
C0122,80,5,34511.558000000005,2,2,3,7,Potential
C0123,1,3,11835.526,5,2,1,8,Potential
C0124,9,9,81719.151,5,4,4,13,High Value
C0125,8,6,35013.028,5,3,3,11,Loyal
C0128,11,18,119157.81599999999,5,5,5,15,High Value
C0129,52,15,97487.2525,3,5,5,13,High Value
C0130,234,1,34940.35,1,1,3,5,At Risk
C0131,14,10,60490.1465,5,4,4,13,High Value
C0132,11,7,45610.1245,5,3,3,11,Loyal
C0133,30,29,169169.7755,4,5,5,14,High Value
C0134,118,1,1776.6869999999997,2,1,1,4,At Risk
C0135,105,8,49863.8655,2,3,3,8,Potential
C0136,348,2,14152.24,1,1,2,4,At Risk
C0137,16,6,20836.251,5,3,2,10,Loyal
C0138,32,27,162189.672,4,5,5,14,High Value
C0139,143,6,21648.596,2,3,2,7,Potential
C0140,22,3,22942.118,4,2,2,8,Potential
C0142,106,10,108514.2055,2,4,5,11,Loyal
C0143,68,7,58842.9515,3,3,4,10,Loyal
C0144,37,3,14356.283,4,2,2,8,Potential
C0145,14,20,114809.4875,5,5,5,15,High Value
C0147,337,3,26179.989499999996,1,2,2,5,At Risk
C0148,14,20,125279.62700000001,5,5,5,15,High Value
C0149,168,4,33848.817,2,2,3,7,Potential
C0150,823,1,4985.19,1,1,1,3,At Risk
C0151,1,7,64355.6655,5,3,4,12,Loyal
C0152,63,10,49183.086,3,4,3,10,Loyal
C0153,452,1,593.397,1,1,1,3,At Risk
C0154,14,21,168459.76,5,5,5,15,High Value
C0155,85,17,109310.65,2,5,5,12,Loyal
C0156,321,3,21517.1205,1,2,2,5,At Risk
C0157,8,17,106201.1185,5,5,5,15,High Value
C0158,134,3,5404.31,2,2,1,5,At Risk
C0159,24,4,38342.548,4,2,3,9,Potential
C0160,6,20,101092.154,5,5,5,15,High Value
C0161,27,25,185037.884,4,5,5,14,High Value
C0163,92,3,30436.534000000003,2,2,2,6,At Risk
C0164,13,8,48452.778,5,3,3,11,Loyal
C0165,137,3,16412.015,2,2,2,6,At Risk
C0166,105,4,16267.179500000002,2,2,2,6,At Risk
C0168,158,8,79704.03349999999,2,3,4,9,Potential
C0169,105,4,38891.3225,2,2,3,7,Potential
C0170,816,1,2687.58,1,1,1,3,At Risk
C0171,26,15,118644.171,4,5,5,14,High Value
C0172,11,17,95950.48150000001,5,5,5,15,High Value
C0173,19,4,14343.5455,4,2,2,8,Potential
C0174,438,2,14714.051,1,1,2,4,At Risk
C0175,159,13,105604.9145,2,4,5,11,Loyal
C0176,13,9,46997.146,5,4,3,12,Loyal
C0177,2,7,32027.964,5,3,3,11,Loyal
C0178,53,11,65904.51550000001,3,4,4,11,Loyal
C0180,787,1,2117.5215,1,1,1,3,At Risk
C0184,9,49,307232.3755,5,5,5,15,High Value
C0185,460,1,12020.16,1,1,1,3,At Risk
C0186,195,2,3832.281,1,1,1,3,At Risk
C0187,189,2,6583.715,1,1,1,3,At Risk
C0188,8,25,165926.487,5,5,5,15,High Value
C0189,54,3,5452.554,3,2,1,6,At Risk
C0190,17,6,45450.902,5,3,3,11,Loyal
C0191,14,23,139643.6115,5,5,5,15,High Value
C0192,25,4,19627.124,4,2,2,8,Potential
C0193,3,4,14927.804,5,2,2,9,Potential
C0195,165,3,8596.887,2,2,1,5,At Risk
C0196,9,3,14046.0685,5,2,2,9,Potential
C0197,39,17,107482.45749999999,3,5,5,13,High Value
C0198,335,3,5187.6285,1,2,1,4,At Risk
C0199,70,7,29965.3855,3,3,2,8,Potential
C0201,206,1,5317.84,1,1,1,3,At Risk
C0202,63,3,26263.7325,3,2,2,7,Potential
C0203,65,23,116916.234,3,5,5,13,High Value
C0204,242,5,20768.217,1,2,2,5,At Risk
C0205,263,13,108609.21800000001,1,4,5,10,Loyal
C0206,29,3,33078.436,4,2,3,9,Potential
C0207,359,1,5190.89,1,1,1,3,At Risk
C0209,22,2,20265.606,4,1,2,7,Potential
C0210,117,1,4702.06,2,1,1,4,At Risk
C0212,8,17,98054.1255,5,5,5,15,High Value
C0214,20,14,87398.08750000001,4,5,4,13,High Value
C0215,178,4,51532.6385,2,2,3,7,Potential
C0216,66,6,32706.674,3,3,3,9,Potential
C0217,2,9,46797.064,5,4,3,12,Loyal
C0219,157,4,11436.873500000002,2,2,1,5,At Risk
C0220,21,13,83244.92649999999,4,4,4,12,Loyal
C0221,25,11,70094.058,4,4,4,12,Loyal
C0223,498,1,10291.140000000001,1,1,1,3,At Risk
C0224,143,15,117661.5645,2,5,5,12,Loyal
C0225,411,2,9679.105,1,1,1,3,At Risk
C0226,65,4,46157.788499999995,3,2,3,8,Potential
C0227,231,7,23586.7245,1,3,2,6,At Risk
C0228,348,2,10314.2685,1,1,1,3,At Risk
C0229,9,10,61082.0625,5,4,4,13,High Value
C0230,25,4,49891.076,4,2,3,9,Potential
C0232,12,4,43580.154,5,2,3,10,Loyal
C0233,47,17,125420.3435,3,5,5,13,High Value
C0234,3,8,38123.613,5,3,3,11,Loyal
C0236,44,8,70749.3745,3,3,4,10,Loyal
C0237,49,9,35493.832500000004,3,4,3,10,Loyal
C0238,29,13,117202.072,4,4,5,13,High Value
C0239,78,8,82143.9825,2,3,4,9,Potential
C0240,127,2,32440.770000000004,2,1,3,6,At Risk
C0241,2,11,56866.5925,5,4,4,13,High Value
C0242,61,11,48064.016,3,4,3,10,Loyal
C0244,95,4,22354.195,2,2,2,6,At Risk
C0245,285,4,29228.2845,1,2,2,5,At Risk
C0246,90,6,45430.0475,2,3,3,8,Potential
C0247,36,1,4944.37,4,1,1,6,At Risk
C0248,36,7,39009.404500000004,4,3,3,10,Loyal
C0249,24,29,162213.5455,4,5,5,14,High Value
C0250,119,12,84480.395,2,4,4,10,Loyal
C0251,25,15,107602.6745,4,5,5,14,High Value
C0252,17,45,255253.97249999997,5,5,5,15,High Value
C0254,8,10,54018.871,5,4,4,13,High Value
C0255,153,1,10910.322,2,1,1,4,At Risk
C0256,18,19,167311.109,4,5,5,14,High Value
C0257,73,2,33587.21,3,1,3,7,Potential
C0258,21,28,162515.838,4,5,5,14,High Value
C0259,59,8,53461.804000000004,3,3,4,10,Loyal
C0260,238,10,42846.279,1,4,3,8,Potential
C0261,227,2,1267.38,1,1,1,3,At Risk
C0262,42,4,31397.2965,3,2,3,8,Potential
C0263,6,11,83935.468,5,4,4,13,High Value
C0265,79,12,44737.951,2,4,3,9,Potential
C0267,57,10,78042.6845,3,4,4,11,Loyal
C0268,656,1,1588.115,1,1,1,3,At Risk
C0269,11,10,49683.166,5,4,3,12,Loyal
C0270,20,13,43277.9965,4,4,3,11,Loyal
C0271,136,5,12288.289,2,2,1,5,At Risk
C0272,112,3,21180.522,2,2,2,6,At Risk
C0274,38,11,91716.4375,4,4,4,12,Loyal
C0275,17,5,41873.414000000004,5,2,3,10,Loyal
C0276,5,5,33097.745,5,2,3,10,Loyal
C0277,345,5,36555.1945,1,3,3,7,Potential
C0278,76,3,11961.218,3,2,1,6,At Risk
C0279,216,1,6197.292,1,1,1,3,At Risk
C0281,120,4,23854.116,2,2,2,6,At Risk
C0282,18,26,171546.634,4,5,5,14,High Value
C0283,33,16,102634.163,4,5,5,14,High Value
C0284,189,7,60497.021499999995,1,3,4,8,Potential
C0285,237,4,25210.551,1,2,2,5,At Risk
C0286,29,12,73381.05900000001,4,4,4,12,Loyal
C0287,58,7,31717.78,3,3,3,9,Potential
C0289,535,1,15004.659,1,1,2,4,At Risk
C0290,273,6,24887.195,1,3,2,6,At Risk
C0291,89,37,259598.44700000001,2,5,5,12,Loyal
C0292,10,9,69731.0155,5,4,4,13,High Value
C0295,10,16,121746.324,5,5,5,15,High Value
C0296,63,24,146449.844,3,5,5,13,High Value
C0297,215,4,37393.529500000004,1,2,3,6,At Risk
C0298,33,10,61369.0965,4,4,4,12,Loyal
C0300,114,13,58401.6705,2,4,4,10,Loyal
C0301,72,10,49618.608,3,4,3,10,Loyal
C0302,112,1,9819.711,2,1,1,4,At Risk
C0303,21,11,71324.4515,4,4,4,12,Loyal
C0307,19,4,19958.683,4,2,2,8,Potential
C0308,31,2,2717.949,4,1,1,6,At Risk
C0309,86,5,46528.438,2,3,3,8,Potential
C0310,101,5,34838.007,2,3,3,8,Potential
C0311,166,5,28918.188000000002,2,3,2,7,Potential
C0312,109,3,9994.2735,2,2,1,5,At Risk
C0313,239,1,2202.453,1,1,1,3,At Risk
C0314,34,11,79391.966,4,4,4,12,Loyal
C0315,128,5,27801.745,2,3,2,7,Potential
C0316,352,3,15488.833,1,2,2,5,At Risk
C0317,26,14,105045.27599999998,4,5,5,14,High Value
C0318,60,16,78684.70999999999,3,5,4,12,Loyal
C0319,69,12,77604.486,3,4,4,11,Loyal
C0320,328,2,13893.019,1,1,1,3,At Risk
C0321,485,2,17142.03,1,1,2,4,At Risk
C0322,66,7,115558.035,3,3,5,11,Loyal
C0323,176,3,14994.449,2,2,2,6,At Risk
C0324,180,2,31312.0815,2,1,3,6,At Risk
C0325,170,1,2117.5215,2,1,1,4,At Risk
C0326,7,12,121604.179,5,4,5,14,High Value
C0327,263,3,10529.565999999999,1,2,1,4,At Risk
C0328,112,22,167211.469,2,5,5,12,Loyal
C0329,13,17,116863.7005,5,5,5,15,High Value
C0330,18,8,48044.587999999996,4,3,3,10,Loyal
C0331,13,15,87747.337,5,5,4,14,High Value
C0332,96,9,48070.174,2,4,3,9,Potential
C0333,47,14,90646.786,3,5,4,12,Loyal
C0334,62,6,35667.472499999996,3,3,3,9,Potential
C0335,96,10,74841.06999999999,2,4,4,10,Loyal
C0336,34,8,88701.1835,4,3,4,11,Loyal
C0337,7,24,156375.786,5,5,5,15,High Value
C0338,79,5,17919.82,2,3,2,7,Potential
C0339,36,9,65252.508499999996,4,4,4,12,Loyal
C0340,48,14,106071.879,3,5,5,13,High Value
C0341,20,16,132528.9075,4,5,5,14,High Value
C0342,343,7,55740.4795,1,3,4,8,Potential
C0344,108,3,39165.109000000004,2,2,3,7,Potential
C0345,37,35,285704.483,4,5,5,14,High Value
C0346,8,19,132156.495,5,5,5,15,High Value
C0347,25,11,57719.411,4,4,4,12,Loyal
C0349,307,5,51099.656,1,3,3,7,Potential
C0350,25,6,53245.977,4,3,3,10,Loyal
C0351,80,12,62785.424,2,4,4,10,Loyal
C0353,91,19,133426.5175,2,5,5,12,Loyal
C0354,17,3,10791.136999999999,5,2,1,8,Potential
C0355,405,1,3636.93,1,1,1,3,At Risk
C0356,132,3,17705.1625,2,2,2,6,At Risk
C0357,942,1,1620.04,1,1,1,3,At Risk
C0358,11,8,40758.763,5,3,3,11,Loyal
C0361,2,19,119946.03,5,5,5,15,High Value
C0363,346,2,18989.9765,1,1,2,4,At Risk
C0364,32,4,21487.544,4,2,2,8,Potential
C0365,2,10,74846.8965,5,4,4,13,High Value
C0366,16,17,149410.2175,5,5,5,15,High Value
C0367,57,5,37231.61,3,3,3,9,Potential
C0368,17,9,54848.6775,5,4,4,13,High Value
C0369,2,7,54059.943,5,3,4,12,Loyal
C0371,126,4,16981.5025,2,2,2,6,At Risk
C0372,29,4,17420.16,4,2,2,8,Potential
C0373,678,1,10101.345,1,1,1,3,At Risk
C0374,19,11,45593.457500000004,4,4,3,11,Loyal
C0375,67,10,51552.194,3,4,3,10,Loyal
C0376,52,6,43206.959,3,3,3,9,Potential
C0377,358,2,20295.32,1,1,2,4,At Risk
C0378,897,1,2952.045,1,1,1,3,At Risk
C0379,32,5,16538.186999999998,4,3,2,9,Potential
C0380,39,8,63066.7645,3,3,4,10,Loyal
C0381,93,7,60510.8355,2,3,4,9,Potential
C0382,875,2,4024.647,1,1,1,3,At Risk
C0383,39,12,60097.532,3,4,4,11,Loyal
C0384,70,14,91968.319,3,5,4,12,Loyal
C0385,49,3,10421.1905,3,2,1,6,At Risk
C0386,456,3,39197.016,1,2,3,6,At Risk
C0387,45,32,218682.9315,3,5,5,13,High Value
C0388,62,3,17041.308999999997,3,2,2,7,Potential
C0389,115,5,13234.014000000001,2,3,1,6,At Risk
C0391,374,4,30890.3775,1,2,3,6,At Risk
C0392,180,2,30248.975999999995,2,1,2,5,At Risk
C0393,20,24,137056.5635,4,5,5,14,High Value
C0394,19,11,62567.9495,4,4,4,12,Loyal
C0395,62,17,89818.337,3,5,4,12,Loyal
C0396,22,13,101898.8005,4,4,5,13,High Value
C0397,138,8,44978.282999999996,2,3,3,8,Potential
C0398,208,7,31533.801,1,3,3,7,Potential
C0399,28,12,96562.06949999998,4,4,5,13,High Value
C0400,30,31,183915.68349999998,4,5,5,14,High Value
C0401,30,9,62077.7875,4,4,4,12,Loyal
C0402,11,22,128804.575,5,5,5,15,High Value
C0403,7,5,29033.031,5,3,2,10,Loyal
C0404,20,4,25499.204999999998,4,2,2,8,Potential
C0405,60,9,46948.921,3,4,3,10,Loyal
C0406,193,2,9029.4555,1,1,1,3,At Risk
C0408,455,2,23873.831999999995,1,1,2,4,At Risk
C0409,65,6,49856.868,3,3,3,9,Potential
C0410,93,5,23946.319,2,3,2,7,Potential
C0411,17,10,71131.366,5,4,4,13,High Value
C0412,1,27,220157.2315,5,5,5,15,High Value
C0413,122,4,19486.036,2,2,2,6,At Risk
C0414,77,6,32935.7285,3,3,3,9,Potential
C0415,250,1,7260.8,1,1,1,3,At Risk
C0417,59,14,94401.5445,3,5,5,13,High Value
C0418,150,5,30127.850000000002,2,3,2,7,Potential
C0419,40,13,79661.3335,3,4,4,11,Loyal
C0420,111,2,16098.966,2,1,2,5,At Risk
C0421,39,8,56733.4445,3,3,4,10,Loyal
C0422,255,2,9705.204000000002,1,1,1,3,At Risk
C0423,77,3,31127.32,3,2,3,8,Potential
C0426,178,3,34227.852,2,2,3,7,Potential
C0427,430,1,11944.8,1,1,1,3,At Risk
C0428,3,28,209114.306,5,5,5,15,High Value
C0429,113,4,33080.558,2,2,3,7,Potential
C0430,266,2,7277.8009999999995,1,1,1,3,At Risk
C0431,638,1,4222.176,1,1,1,3,At Risk
C0432,5,15,128813.728,5,5,5,15,High Value
C0434,6,25,180134.12050000002,5,5,5,15,High Value
C0435,33,32,208026.086,4,5,5,14,High Value
C0436,61,2,18853.378,3,1,2,6,At Risk
C0437,7,8,33817.8605,5,3,3,11,Loyal
C0439,28,12,78502.943,4,4,4,12,Loyal
C0440,350,2,2119.398,1,1,1,3,At Risk
C0441,111,3,8444.182499999999,2,2,1,5,At Risk
C0442,72,3,30614.7045,3,2,2,7,Potential
C0443,60,4,34622.076,3,2,3,8,Potential
C0444,22,5,28755.5495,4,3,2,9,Potential
C0445,99,3,7865.67,2,2,1,5,At Risk
C0446,68,11,77229.4515,3,4,4,11,Loyal
C0447,3,7,28354.8565,5,3,2,10,Loyal
C0448,8,16,102746.24500000001,5,5,5,15,High Value
C0450,54,14,143052.7065,3,5,5,13,High Value
C0451,64,6,26185.004,3,3,2,8,Potential
C0453,70,6,58705.1,3,3,4,10,Loyal
C0454,94,3,27302.71,2,2,2,6,At Risk
C0455,19,26,225695.588,4,5,5,14,High Value
C0456,112,1,3580.0385,2,1,1,4,At Risk
C0457,3,12,134760.459,5,4,5,14,High Value
C0458,35,6,57437.6,4,3,4,11,Loyal
C0459,2,24,151427.9075,5,5,5,15,High Value
C0460,44,5,22378.9875,3,3,2,8,Potential
C0461,3,25,196446.6785,5,5,5,15,High Value
C0462,110,14,110359.702,2,5,5,12,Loyal
C0463,102,4,38577.2295,2,2,3,7,Potential
C0464,6,16,98796.37,5,5,5,15,High Value
C0465,3,51,296006.7915,5,5,5,15,High Value
C0466,321,2,20207.356,1,1,2,4,At Risk
C0467,258,6,33936.729999999996,1,3,3,7,Potential
C0468,89,11,69504.3095,2,4,4,10,Loyal
C0469,73,5,42496.516,3,3,3,9,Potential
C0471,52,4,22858.131999999998,3,2,2,7,Potential
C0472,9,4,40743.963,5,2,3,10,Loyal
C0473,60,6,28138.067,3,3,2,8,Potential
C0474,302,3,4670.8935,1,2,1,4,At Risk
C0475,24,18,109881.461,4,5,5,14,High Value
C0476,32,13,37701.9625,4,4,3,11,Loyal
C0478,316,3,31911.3,1,2,3,6,At Risk
C0479,38,6,23032.369,4,3,2,9,Potential
C0480,8,27,114482.9235,5,5,5,15,High Value
C0482,83,1,4149.98,2,1,1,4,At Risk
C0483,8,23,170155.864,5,5,5,15,High Value
C0484,50,26,181104.7355,3,5,5,13,High Value
C0485,5,10,81732.8875,5,4,4,13,High Value
C0486,68,13,57828.8345,3,4,4,11,Loyal
C0488,64,7,33557.465,3,3,3,9,Potential
C0489,653,1,13286.7285,1,1,1,3,At Risk
C0490,643,2,17115.039,1,1,2,4,At Risk
C0491,31,16,68514.683,4,5,4,13,High Value
C0492,114,2,10220.1855,2,1,1,4,At Risk
C0493,14,6,54374.8125,5,3,4,12,Loyal
C0494,36,23,134283.5435,4,5,5,14,High Value
C0496,6,32,240278.016,5,5,5,15,High Value
C0497,6,42,303728.91,5,5,5,15,High Value
C0498,73,8,41964.5475,3,3,3,9,Potential
C0499,689,1,6234.372,1,1,1,3,At Risk
C0500,171,2,4803.121,2,1,1,4,At Risk
C0501,18,7,38215.816,4,3,3,10,Loyal
C0503,380,3,25980.300000000003,1,2,2,5,At Risk
C0504,2,41,242339.341,5,5,5,15,High Value
C0505,359,1,5709.576,1,1,1,3,At Risk
C0506,42,7,57109.070999999996,3,3,4,10,Loyal
C0508,109,13,135802.63150000002,2,4,5,11,Loyal
C0509,62,15,110226.46100000001,3,5,5,13,High Value
C0510,157,3,11435.601,2,2,1,5,At Risk
C0511,44,1,4001.2195,3,1,1,5,At Risk
C0512,7,13,66890.4185,5,4,4,13,High Value
C0513,130,9,68274.031,2,4,4,10,Loyal
C0514,46,12,91544.44399999999,3,4,4,11,Loyal
C0515,381,2,5845.31,1,1,1,3,At Risk
C0516,2,4,36179.5575,5,2,3,10,Loyal
C0517,8,26,180858.541,5,5,5,15,High Value
C0518,7,19,119965.022,5,5,5,15,High Value
C0519,22,1,20749.899999999998,4,1,2,7,Potential
C0520,54,26,144270.3505,3,5,5,13,High Value
C0521,12,5,33600.483,5,3,3,11,Loyal
C0522,161,7,45784.786,2,3,3,8,Potential
C0523,222,1,6988.07,1,1,1,3,At Risk
C0524,274,3,23306.1125,1,2,2,5,At Risk
C0525,69,6,33495.288,3,3,3,9,Potential
C0527,13,4,25124.85,5,2,2,9,Potential
C0528,49,16,92633.7965,3,5,5,13,High Value
C0529,40,8,58920.3585,3,3,4,10,Loyal
C0530,221,5,44295.965500000006,1,3,3,7,Potential
C0531,23,25,210597.7685,4,5,5,14,High Value
C0533,42,10,41174.727999999996,3,4,3,10,Loyal
C0534,6,18,103690.97750000001,5,5,5,15,High Value
C0535,106,6,43246.852,2,3,3,8,Potential
C0536,527,1,1047.78,1,1,1,3,At Risk
C0537,12,3,24716.733,5,2,2,9,Potential
C0538,55,21,82328.08,3,5,4,12,Loyal
C0539,241,3,12530.628,1,2,1,4,At Risk
C0540,12,21,120656.7725,5,5,5,15,High Value
C0541,97,8,89885.4195,2,3,4,9,Potential
C0542,40,10,62328.444,3,4,4,11,Loyal
C0543,16,11,81981.0665,5,4,4,13,High Value
C0544,32,13,73586.74,4,4,4,12,Loyal
C0545,65,6,61675.3385,3,3,4,10,Loyal
C0546,27,5,31511.851,4,3,3,10,Loyal
C0547,12,15,120613.535,5,5,5,15,High Value
C0548,586,2,8713.47,1,1,1,3,At Risk
C0549,91,4,11866.554,2,2,1,5,At Risk
C0551,12,22,105972.678,5,5,5,15,High Value
C0552,26,3,13610.544,4,2,1,7,Potential
C0553,21,17,124269.9745,4,5,5,14,High Value
C0554,93,4,15411.829,2,2,2,6,At Risk
C0555,57,3,12828.431,3,2,1,6,At Risk
C0556,38,5,41646.7295,3,3,3,9,Potential
C0558,92,7,43626.351500000004,2,3,3,8,Potential
C0559,116,11,80774.284,2,4,4,10,Loyal
C0560,205,12,85190.4325,1,4,4,9,Potential
C0562,5,19,81680.68,5,5,4,14,High Value
C0563,49,9,23338.206,3,4,2,9,Potential
C0564,18,15,92409.7765,4,5,4,13,High Value
C0565,176,6,39838.3845,2,3,3,8,Potential
C0566,10,9,63706.3985,5,4,4,13,High Value
C0567,1,25,186239.759,5,5,5,15,High Value
C0568,31,12,84362.673,4,4,4,12,Loyal
C0569,40,4,24912.9405,3,2,2,7,Potential
C0570,307,2,7060.0505,1,1,1,3,At Risk
C0571,243,3,11883.808,1,2,1,4,At Risk
C0572,32,4,17560.950500000003,4,2,2,8,Potential
C0573,160,3,11311.402,2,2,1,5,At Risk
C0574,24,5,28109.336000000003,4,3,2,9,Potential
C0575,2,23,147040.4225,5,5,5,15,High Value
C0577,41,11,80538.1935,3,4,4,11,Loyal
C0578,712,1,6421.2495,1,1,1,3,At Risk
C0579,117,2,9665.500499999998,2,1,1,4,At Risk
C0581,33,4,34832.863,4,2,3,9,Potential
C0582,148,12,84798.45049999999,2,4,4,10,Loyal
C0583,5,17,114282.224,5,5,5,15,High Value
C0584,713,2,33876.306000000004,1,1,3,5,At Risk
C0585,205,5,19353.9265,1,3,2,6,At Risk
C0586,73,2,1567.8179999999998,3,1,1,5,At Risk
C0587,67,17,103091.2175,3,5,5,13,High Value
C0588,69,12,101875.578,3,4,5,12,Loyal
C0589,192,2,5733.590499999999,1,1,1,3,At Risk
C0590,53,11,78413.8655,3,4,4,11,Loyal
C0591,48,11,59697.592000000004,3,4,4,11,Loyal
C0593,166,6,69778.6215,2,3,4,9,Potential
C0594,23,21,90583.406,4,5,4,13,High Value
C0595,1,14,110611.27249999999,5,5,5,15,High Value
C0596,160,6,47281.267,2,3,3,8,Potential
C0597,30,6,72652.39749999999,4,3,4,11,Loyal
C0598,62,9,52305.850999999995,3,4,3,10,Loyal
C0599,43,10,69167.312,3,4,4,11,Loyal
C0600,19,13,120409.1535,4,4,5,13,High Value
C0601,161,7,39636.5185,2,3,3,8,Potential
C0602,15,10,39250.6235,5,4,3,12,Loyal
C0603,16,15,154095.7355,5,5,5,15,High Value
C0605,706,3,26901.430500000002,1,2,2,5,At Risk
C0606,51,3,30216.8115,3,2,2,7,Potential
C0607,161,5,32107.942499999997,2,3,3,8,Potential
C0608,209,2,13947.386999999999,1,1,1,3,At Risk
C0609,19,8,33525.193,4,3,3,10,Loyal
C0610,5,18,119036.61349999999,5,5,5,15,High Value
C0611,40,2,14548.55,3,1,2,6,At Risk
C0612,5,25,164933.3785,5,5,5,15,High Value
C0613,2,33,228198.5625,5,5,5,15,High Value
C0614,191,1,1238.8495,1,1,1,3,At Risk
C0615,15,3,15518.2015,5,2,2,9,Potential
C0616,24,25,121269.287,4,5,5,14,High Value
C0617,40,18,161223.709,3,5,5,13,High Value
C0618,210,2,13837.731,1,1,1,3,At Risk
C0621,2,45,327644.9545,5,5,5,15,High Value
C0622,682,1,4432.0065,1,1,1,3,At Risk
C0623,12,9,33701.828,5,4,3,12,Loyal
C0624,29,13,79886.0985,4,4,4,12,Loyal
C0625,704,1,13552.515,1,1,1,3,At Risk
C0626,593,3,24645.303,1,2,2,5,At Risk
C0627,563,1,9536.955,1,1,1,3,At Risk
C0628,41,12,84097.5175,3,4,4,11,Loyal
C0629,64,1,4001.2195,3,1,1,5,At Risk
C0630,4,17,116486.302,5,5,5,15,High Value
C0631,118,10,61898.016,2,4,4,10,Loyal
C0632,80,2,4434.820000000001,2,1,1,4,At Risk
C0634,10,10,84086.3185,5,4,4,13,High Value
C0635,327,2,4117.147999999999,1,1,1,3,At Risk
C0636,203,12,74824.027,1,4,4,9,Potential
C0637,64,11,46986.0935,3,4,3,10,Loyal
C0638,85,3,33842.695,2,2,3,7,Potential
C0639,59,13,57741.148,3,4,4,11,Loyal
C0640,39,10,55964.731,3,4,4,11,Loyal
C0641,64,9,44196.5645,3,4,3,10,Loyal
C0642,96,4,15529.607,2,2,2,6,At Risk
C0643,15,1,6234.372,5,1,1,7,Potential
C0645,55,4,17692.7805,3,2,2,7,Potential
C0646,80,5,32982.178,2,3,3,8,Potential
C0647,63,5,20537.4055,3,3,2,8,Potential
C0649,323,6,24561.466,1,3,2,6,At Risk
C0650,646,1,1801.53,1,1,1,3,At Risk
C0651,231,1,3343.4,1,1,1,3,At Risk
C0652,28,7,43183.387,4,3,3,10,Loyal
C0653,28,4,8875.9535,4,2,1,7,Potential
C0654,28,5,39166.861000000004,4,3,3,10,Loyal
C0655,14,6,73510.853,5,3,4,12,Loyal
C0656,14,8,47338.666,5,3,3,11,Loyal
C0657,59,6,50986.801999999996,3,3,3,9,Potential
C0658,25,3,31016.0155,4,2,3,9,Potential
C0659,7,4,30284.2325,5,2,2,9,Potential
C0660,37,14,78619.0135,4,5,4,13,High Value
C0661,307,1,25656.435,1,1,2,4,At Risk
C0662,49,4,26456.537,3,2,2,7,Potential
C0664,202,4,34885.7975,1,2,3,6,At Risk
C0665,28,15,90204.18599999999,4,5,4,13,High Value
C0666,21,14,124927.437,4,5,5,14,High Value
C0667,36,11,42069.856,4,4,3,11,Loyal
C0669,95,5,22968.4395,2,3,2,7,Potential
C0670,192,17,92082.292,1,5,4,10,Loyal
C0671,44,18,140231.22699999998,3,5,5,13,High Value
C0672,197,3,27669.02,1,2,2,5,At Risk
C0673,175,5,54468.978,2,3,4,9,Potential
C0674,101,3,16380.4005,2,2,2,6,At Risk
C0675,839,1,2596.8,1,1,1,3,At Risk
C0676,58,5,26340.613999999998,3,3,2,8,Potential
C0677,795,2,9564.806,1,1,1,3,At Risk
C0678,179,9,51579.259,2,4,3,9,Potential
C0679,2,9,66236.4775,5,4,4,13,High Value
C0680,727,1,4186.0,1,1,1,3,At Risk
C0682,123,6,43015.33,2,3,3,8,Potential
C0683,225,2,7219.1515,1,1,1,3,At Risk
C0684,17,9,56512.1345,4,4,4,12,Loyal
C0685,3,2,12699.692500000001,5,1,1,7,Potential
C0686,61,9,50757.5285,3,4,3,10,Loyal
C0687,15,6,31365.0645,5,3,3,11,Loyal
C0688,631,1,9572.36,1,1,1,3,At Risk
C0689,288,3,11414.743999999999,1,2,1,4,At Risk
C0691,77,5,27098.474000000002,3,3,2,8,Potential
C0692,27,10,88269.3315,4,4,4,12,Loyal
C0693,59,1,2362.28,3,1,1,5,At Risk
C0695,49,9,51509.066000000006,3,4,3,10,Loyal
C0696,30,7,40604.9675,4,3,3,10,Loyal
C0697,3,22,131247.7195,5,5,5,15,High Value
C0698,52,5,48255.4685,3,3,3,9,Potential
C0699,21,8,81742.8245,4,3,4,11,Loyal
C0700,42,8,73985.147,3,3,4,10,Loyal
C0701,10,23,184719.7085,5,5,5,15,High Value
C0702,22,15,128745.387,4,5,5,14,High Value
C0705,767,1,11768.36,1,1,1,3,At Risk
C0706,161,6,24697.833,2,3,2,7,Potential
C0707,170,7,20810.336,2,3,2,7,Potential
C0708,21,7,44684.969,4,3,3,10,Loyal
C0709,413,2,1660.2865,1,1,1,3,At Risk
C0710,11,14,80322.7635,5,5,4,14,High Value
C0711,15,21,92364.8455,5,5,4,14,High Value
C0712,52,3,21617.549,3,2,2,7,Potential
C0713,75,12,75719.93950000001,3,4,4,11,Loyal
C0714,113,7,32766.476,2,3,3,8,Potential
C0715,38,13,107716.6375,3,4,5,12,Loyal
C0716,75,19,149948.477,3,5,5,13,High Value
C0717,119,5,13948.8995,2,3,1,6,At Risk
C0718,125,8,37534.1595,2,3,3,8,Potential
C0719,16,14,84942.7775,5,5,4,14,High Value
C0720,7,10,74591.959,5,4,4,13,High Value
C0721,16,4,44217.731,5,2,3,10,Loyal
C0722,23,10,71418.9985,4,4,4,12,Loyal
C0723,120,1,4198.743,2,1,1,4,At Risk
C0724,105,4,18993.434,2,2,2,6,At Risk
C0725,123,10,52708.4615,2,4,3,9,Potential
C0726,3,7,44436.9825,5,3,3,11,Loyal
C0727,56,9,71025.3995,3,4,4,11,Loyal
C0728,32,1,10862.869999999999,4,1,1,6,At Risk
C0729,400,4,29355.022,1,2,2,5,At Risk
C0730,235,1,12349.277999999998,1,1,1,3,At Risk
C0731,192,1,4153.7895,1,1,1,3,At Risk
C0732,37,10,80942.718,4,4,4,12,Loyal
C0733,271,2,2751.3230000000003,1,1,1,3,At Risk
C0734,178,4,22892.5625,2,2,2,6,At Risk
C0735,238,5,21776.1135,1,3,2,6,At Risk
C0736,14,26,181161.4665,5,5,5,15,High Value
C0737,369,3,15693.836,1,2,2,5,At Risk
C0738,609,1,8422.909,1,1,1,3,At Risk
C0740,9,7,34885.973,5,3,3,11,Loyal
C0741,33,12,77003.186,4,4,4,12,Loyal
C0742,99,4,29212.288,2,2,2,6,At Risk
C0743,110,6,36936.0875,2,3,3,8,Potential
C0744,516,1,11179.942000000001,1,1,1,3,At Risk
C0745,32,5,11445.135,4,3,1,8,Potential
C0746,87,4,47424.921,2,2,3,7,Potential
C0747,32,3,15499.0465,4,2,2,8,Potential
C0748,122,2,10569.389500000001,2,1,1,4,At Risk
C0749,260,2,18202.601,1,1,2,4,At Risk
C0751,5,7,28250.413999999997,5,3,2,10,Loyal
C0752,190,2,20737.458000000002,1,1,2,4,At Risk
C0753,220,3,33266.916,1,2,3,6,At Risk
C0754,764,1,3601.59,1,1,1,3,At Risk
C0755,28,28,153630.2465,4,5,5,14,High Value
C0756,5,24,136076.561,5,5,5,15,High Value
C0757,393,4,14198.6045,1,2,2,5,At Risk
C0758,675,2,3792.727,1,1,1,3,At Risk
C0759,265,3,20808.606,1,2,2,5,At Risk
C0760,169,6,43122.9095,2,3,3,8,Potential
C0762,305,8,51062.833,1,4,3,8,Potential
C0763,32,7,94996.356,4,3,5,12,Loyal
C0764,18,28,165683.149,4,5,5,14,High Value
C0766,14,19,158529.549,5,5,5,15,High Value
C0767,107,10,69823.483,2,4,4,10,Loyal
C0768,101,1,5204.6,2,1,1,4,At Risk
C0769,548,2,11118.648,1,1,1,3,At Risk
C0770,602,1,897.894,1,1,1,3,At Risk
C0771,52,4,53927.304000000004,3,2,4,9,Potential
C0772,30,1,10555.44,4,1,1,6,At Risk
C0773,39,7,40180.113,3,3,3,9,Potential
C0774,26,3,26954.3,4,2,2,8,Potential
C0775,38,24,135368.28,3,5,5,13,High Value
C0776,383,1,128.3355,1,1,1,3,At Risk
C0777,28,36,222834.627,4,5,5,14,High Value
C0778,297,1,17558.994,1,1,2,4,At Risk
C0779,3,18,160485.5005,5,5,5,15,High Value
C0780,681,2,13475.2,1,1,1,3,At Risk
C0781,70,1,1801.53,3,1,1,5,At Risk
C0782,8,12,58504.051499999994,5,4,4,13,High Value
C0783,263,3,19289.715,1,2,2,5,At Risk
C0784,36,7,56681.3995,4,3,4,11,Loyal
C0785,59,10,79846.9455,3,4,4,11,Loyal
C0786,180,4,42340.85,2,2,3,7,Potential
C0787,69,7,39060.7165,3,3,3,9,Potential
C0788,3,12,60554.3885,5,4,4,13,High Value
C0789,886,1,5349.26,1,1,1,3,At Risk
C0790,63,2,29999.126,3,1,2,6,At Risk
C0791,38,29,199120.601,3,5,5,13,High Value
C0793,643,2,12788.244,1,1,1,3,At Risk
C0794,46,15,98876.676,3,5,5,13,High Value
C0795,14,4,18810.6065,5,2,2,9,Potential
C0796,90,3,7565.807999999999,2,2,1,5,At Risk
C0797,51,2,4634.559,3,1,1,5,At Risk
C0798,14,4,32954.515999999996,5,2,3,10,Loyal
C0799,456,2,5770.2065,1,1,1,3,At Risk
C0800,201,2,6455.84,1,1,1,3,At Risk
C0801,156,11,55123.346,2,4,4,10,Loyal
C0802,135,3,16093.327500000001,2,2,2,6,At Risk
C0803,34,5,19352.739,4,3,2,9,Potential
C0804,31,35,212600.2935,4,5,5,14,High Value
C0805,164,7,49295.8275,2,3,3,8,Potential
C0806,12,17,90705.0585,5,5,4,14,High Value
C0807,98,2,4842.11,2,1,1,4,At Risk
C0808,91,9,68004.3455,2,4,4,10,Loyal
C0809,430,1,34517.7,1,1,3,5,At Risk
C0810,190,2,28777.403999999995,1,1,2,4,At Risk
C0811,389,1,529.1845000000001,1,1,1,3,At Risk
C0812,28,6,56445.428,4,3,4,11,Loyal
C0813,71,19,132033.6935,3,5,5,13,High Value
C0814,307,2,23336.58,1,1,2,4,At Risk
C0815,100,7,51279.8045,2,3,3,8,Potential
C0816,13,19,111906.448,5,5,5,15,High Value
C0817,4,9,61008.269499999995,5,4,4,13,High Value
C0818,314,2,35620.206,1,1,3,5,At Risk
C0819,107,2,18313.144,2,1,2,5,At Risk
C0820,140,4,11358.080999999998,2,2,1,5,At Risk
C0821,80,2,17814.72,2,1,2,5,At Risk
C0822,17,40,228989.987,4,5,5,14,High Value
C0823,81,2,14672.439999999999,2,1,2,5,At Risk
C0824,417,1,26322.904,1,1,2,4,At Risk
C0825,60,12,62130.6945,3,4,4,11,Loyal
C0826,17,3,23994.954,4,2,2,8,Potential
C0827,36,8,77204.6485,4,4,4,12,Loyal
C0828,291,2,16706.900999999998,1,1,2,4,At Risk
C0829,184,6,24712.471,1,3,2,6,At Risk
C0830,57,2,7919.934499999999,3,1,1,5,At Risk
C0831,11,5,41452.342,5,3,3,11,Loyal
C0832,8,5,25359.0695,5,3,2,10,Loyal
C0833,17,9,70675.7595,4,4,4,12,Loyal
C0834,8,7,57285.388999999996,5,3,4,12,Loyal
C0835,18,29,142837.843,4,5,5,14,High Value
C0837,119,7,34864.824,2,3,3,8,Potential
C0838,76,12,84359.20999999999,3,4,4,11,Loyal
C0839,38,27,244343.3645,3,5,5,13,High Value
C0841,24,5,40112.784,4,3,3,10,Loyal
C0842,20,12,100625.8925,4,4,5,13,High Value
C0843,206,1,2328.4,1,1,1,3,At Risk
C0844,33,19,152926.91,4,5,5,14,High Value
C0846,65,10,78565.437,3,4,4,11,Loyal
C0847,27,23,135822.54,4,5,5,14,High Value
C0848,67,10,82125.963,3,4,4,11,Loyal
C0849,20,4,24578.6025,4,2,2,8,Potential
C0851,2,25,167464.2455,5,5,5,15,High Value
C0852,62,9,29428.8345,3,4,2,9,Potential
C0854,28,7,62248.1995,4,3,4,11,Loyal
C0855,104,7,61322.6725,2,3,4,9,Potential
C0856,76,3,41829.369999999995,3,2,3,8,Potential
C0857,5,4,27560.125,5,2,2,9,Potential
C0858,19,2,21741.36,4,1,2,7,Potential
C0859,131,10,73505.31649999999,2,4,4,10,Loyal
C0860,260,4,11784.2765,1,2,1,4,At Risk
C0861,87,8,59929.667,2,4,4,10,Loyal
C0862,31,18,111281.2945,4,5,5,14,High Value
C0863,34,21,107391.724,4,5,5,14,High Value
C0864,66,8,85414.0435,3,4,4,11,Loyal
C0866,91,6,16707.493,2,3,2,7,Potential
C0867,130,3,11035.4325,2,2,1,5,At Risk
C0868,120,4,13720.7065,2,2,1,5,At Risk
C0869,42,4,46141.78599999999,3,2,3,8,Potential
C0870,315,3,16747.14,1,2,2,5,At Risk
C0871,17,21,155922.69,4,5,5,14,High Value
C0872,150,5,22525.326,2,3,2,7,Potential
C0873,30,10,64461.6805,4,4,4,12,Loyal
C0875,98,26,144503.614,2,5,5,12,Loyal
C0876,275,1,10602.056999999999,1,1,1,3,At Risk
C0877,484,2,1522.2465,1,1,1,3,At Risk
C0878,1,5,30793.214,5,3,3,11,Loyal
C0879,78,3,19898.897,2,2,2,6,At Risk
C0880,138,5,26969.295,2,3,2,7,Potential
C0881,35,12,147180.5035,4,4,5,13,High Value
C0882,66,7,36716.335,3,3,3,9,Potential
C0884,167,3,28188.275,2,2,2,6,At Risk
C0885,74,13,104752.542,3,4,5,12,Loyal
C0886,50,11,58713.629,3,4,4,11,Loyal
C0887,28,7,37159.6485,4,3,3,10,Loyal
C0888,83,9,62615.9985,2,4,4,10,Loyal
C0889,292,1,5387.8205,1,1,1,3,At Risk
C0890,53,3,18399.072,3,2,2,7,Potential
C0891,36,3,15064.092,4,2,2,8,Potential
C0892,94,13,70548.591,2,4,4,10,Loyal
C0893,10,52,365255.0075,5,5,5,15,High Value
C0894,17,7,32163.7665,4,3,3,10,Loyal
C0896,831,1,7203.18,1,1,1,3,At Risk
C0897,219,3,11561.374,1,2,1,4,At Risk
C0898,18,4,13862.292,4,2,1,7,Potential
C0899,437,1,7884.961999999999,1,1,1,3,At Risk
C0900,6,32,224871.6705,5,5,5,15,High Value
C0901,206,6,46268.175,1,3,3,7,Potential
C0902,23,16,97091.019,4,5,5,14,High Value
C0903,68,8,54270.618,3,4,4,11,Loyal
C0904,74,12,56057.6915,3,4,4,11,Loyal
C0905,24,8,20950.3615,4,4,2,10,Loyal
C0906,35,11,73472.4715,4,4,4,12,Loyal
C0907,131,5,21379.68,2,3,2,7,Potential
C0908,21,10,77850.902,4,4,4,12,Loyal
C0909,36,6,52354.528,4,3,3,10,Loyal
C0910,19,45,326647.067,4,5,5,14,High Value
C0911,80,9,76275.6955,2,4,4,10,Loyal
C0912,48,5,18815.053,3,3,2,8,Potential
C0913,24,18,128016.3005,4,5,5,14,High Value
C0914,160,3,14922.376,2,2,2,6,At Risk
C0915,1,2,6647.786,5,1,1,7,Potential
C0916,34,7,34421.2755,4,3,3,10,Loyal
C0917,92,3,13251.637,2,2,1,5,At Risk
C0918,6,11,94581.461,5,4,5,14,High Value
C0919,294,4,11350.896,1,2,1,4,At Risk
C0920,19,4,10995.1985,4,2,1,7,Potential
C0921,38,8,47543.354,3,4,3,10,Loyal
C0923,149,4,11070.862000000001,2,2,1,5,At Risk
C0924,18,17,109656.4635,4,5,5,14,High Value
C0925,39,2,11551.6155,3,1,1,5,At Risk
C0926,25,9,68896.43650000001,4,4,4,12,Loyal
C0927,26,11,92738.7975,4,4,5,13,High Value
C0928,32,4,21669.719,4,2,2,8,Potential
C0929,369,1,4871.0395,1,1,1,3,At Risk
C0930,4,31,202379.061,5,5,5,15,High Value
C0931,44,7,46011.263,3,3,3,9,Potential
C0932,29,4,19953.370000000003,4,2,2,8,Potential
C0933,318,2,4912.0795,1,1,1,3,At Risk
C0934,1,10,64088.349,5,4,4,13,High Value
C0935,36,8,53781.0435,4,4,4,12,Loyal
C0936,38,11,75968.19499999999,3,4,4,11,Loyal
C0938,41,25,182277.5675,3,5,5,13,High Value
C0939,17,7,42110.708,4,3,3,10,Loyal
C0941,131,6,35356.399,2,3,3,8,Potential
C0942,59,4,19485.092,3,2,2,7,Potential
C0943,16,20,140367.9755,5,5,5,15,High Value
C0944,4,25,170821.432,5,5,5,15,High Value
C0945,86,3,9432.52,2,2,1,5,At Risk
C0946,16,17,85016.8515,5,5,4,14,High Value
C0947,6,11,117659.4075,5,4,5,14,High Value
C0948,45,23,200985.33049999998,3,5,5,13,High Value
C0949,174,5,22891.6875,2,3,2,7,Potential
C0950,80,10,100239.9365,2,4,5,11,Loyal
C0951,14,4,16356.389000000001,5,2,2,9,Potential
C0952,15,14,120791.6915,5,5,5,15,High Value
C0954,75,8,36666.643,3,4,3,10,Loyal
C0955,241,2,2515.849,1,1,1,3,At Risk
C0956,560,1,2951.061,1,1,1,3,At Risk
C0957,28,16,114967.2175,4,5,5,14,High Value
C0958,45,14,50648.085,3,5,3,11,Loyal
C0959,31,7,25517.7845,4,3,2,9,Potential
C0960,19,8,92717.122,4,4,5,13,High Value
C0961,241,2,6507.4400000000005,1,1,1,3,At Risk
C0962,289,6,27018.943,1,3,2,6,At Risk
C0963,44,4,41598.3005,3,2,3,8,Potential
C0965,5,7,43988.8315,5,3,3,11,Loyal
C0966,94,8,47383.2935,2,4,3,9,Potential
C0967,13,6,40852.515,5,3,3,11,Loyal
C0968,36,12,76846.832,4,4,4,12,Loyal
C0969,8,9,41543.976,5,4,3,12,Loyal
C0972,95,7,74894.5835,2,3,4,9,Potential
C0973,151,3,24954.3115,2,2,2,6,At Risk
C0974,211,1,8958.599999999999,1,1,1,3,At Risk
C0975,42,4,12870.004,3,2,1,6,At Risk
C0976,60,7,45249.9785,3,3,3,9,Potential
C0977,141,3,18010.0445,2,2,2,6,At Risk
C0978,36,11,112536.168,4,4,5,13,High Value
C0979,20,8,46256.6395,4,4,3,11,Loyal
C0980,209,3,50925.59,1,2,3,6,At Risk
C0981,28,11,73322.603,4,4,4,12,Loyal
C0982,9,8,53568.135,5,4,4,13,High Value
C0983,35,5,32389.244000000002,4,3,3,10,Loyal
C0984,248,9,56146.2845,1,4,4,9,Potential
C0986,7,10,102440.713,5,4,5,14,High Value
C0987,369,2,4695.8460000000005,1,1,1,3,At Risk
C0988,12,30,139795.6065,5,5,5,15,High Value
C0989,1,11,84978.598,5,4,4,13,High Value
C0990,130,11,70829.2045,2,4,4,10,Loyal
C0991,35,2,11343.276999999998,4,1,1,6,At Risk
C0992,23,2,17514.87,4,1,2,7,Potential
C0993,175,4,17581.6285,2,2,2,6,At Risk
C0994,156,4,24774.341999999997,2,2,2,6,At Risk
C0995,132,4,14213.3445,2,2,2,6,At Risk
C0996,130,4,20308.8145,2,2,2,6,At Risk
C0997,301,3,11705.895,1,2,1,4,At Risk
C0998,23,30,153507.8595,4,5,5,14,High Value
C1000,52,28,144980.303,3,5,5,13,High Value
